ZM de Aguascalientes,67
ZM de Ensenada,69
ZM de Mexicali,71
ZM de Tijuana,73
ZM de La Paz,75
ZM de Campeche,77
ZM de La Laguna,80
ZM de Monclova-Frontera,83
ZM de Piedras Negras,85
ZM de Saltillo,87
ZM de Colima-Villa de Álvarez,89
ZM de Tecomán,91
ZM de Tapachula,93
ZM de Tuxtla Gutiérrez,95
ZM de Chihuahua,97
ZM de Delicias,99
ZM de Hidalgo del Parral,101
ZM de Juárez,103
ZM del Valle de México,108
ZM del Valle de México,109
ZM del Valle de México,110
ZM de Durango,115
ZM de Celaya,117
ZM de Guanajuato,119
ZM de León,121
ZM de Moroleón-Uriangato,123
ZM de San Francisco del Rincón,125
ZM de Acapulco,127
ZM de Chilpancingo,129
ZM de Pachuca,132
ZM de Tula,136
ZM de Tulancingo,139
ZM de Guadalajara,142
ZM de Ocotlán,145
ZM de Puerto Vallarta,147
ZM de Tianguistenco,150
ZM de Toluca,154
ZM de La Piedad-Pénjamo,157
ZM de Morelia,159
ZM de Zamora,161
ZM de Cuautla,164
ZM de Cuernavaca,168
ZM de Tepic,171
ZM de Monterrey,174
ZM de Oaxaca,178
ZM de Tehuantepec,181
ZM de Puebla-Tlaxcala,184
ZM de Puebla-Tlaxcala,185
ZM de Tehuacán,189
ZM de Teziutlán,191
ZM de Querétaro,194
ZM de Cancún,197
ZM de Chetumal,199
ZM de Rioverde,201
ZM de San Luis Potosí,203
ZM de Culiacán,205
ZM de Mazatlán,207
ZM de Guaymas,209
ZM de Hermosillo,211
ZM de Nogales,213
ZM de Villahermosa,215
ZM de Ciudad Victoria,217
ZM de Matamoros,219
ZM de Nuevo Laredo,221
ZM de Reynosa,223
ZM de Tampico,225
ZM de Tlaxcala-Apizaco,228
ZM de Acayucan,231
ZM de Coatzacoalcos,233
ZM de Córdoba,235
ZM de Minatitlán,238
ZM de Orizaba,242
ZM de Poza Rica,245
ZM de Veracruz,248
ZM de Xalapa,252
ZM de Mérida,256
ZM de Zacatecas-Guadalupe,259
